epoch, f, mAP, mAP@50IoU, mAP@75IoU, mAP_smallm, AP_medium, mAP_large, AR@1, AR@10, AR@100, AR@100small, AR@100medium, AR@100large
1,0.018260322361323928,0.009675165,0.014286611,0.009042531,-1.0,0.029209405,0.011165505,0.16208293,0.36741596,0.36741596,-1.0,0.28869563,0.41607845
2,0.030354803650738862,0.01611691,0.022088826,0.014711662,-1.0,0.02962976,0.018794384,0.26036263,0.5021601,0.5021601,-1.0,0.53389496,0.5472083
