epoch, box_loss, cls_loss, loss
1,0.00034967318,1.1100997,1.2333195
2,0.0001630598,0.96954966,1.083466
