epoch, f, mAP, mAP@50IoU, mAP@75IoU, mAP_smallm, AP_medium, mAP_large, AR@1, AR@10, AR@100, AR@100small, AR@100medium, AR@100large
1,0.015399501754063731,0.007919705,0.0103317965,0.008059443,-1.0,0.08734586,0.007941724,0.27723852,0.3591727,0.3591727,-1.0,0.46666667,0.35718864
