epoch, box_loss, cls_loss, loss
1,0.00024936543,1.1582459,1.2793872
