epoch,Skin-Lesion,
1,0.45341,
2,0.50948,
3,0.52239,
4,0.53573,
5,0.54753,
6,0.55339,
7,0.54654,
8,0.55227,
9,0.54073,
10,0.54551,
11,0.54544,
12,0.55396,
13,0.55585,
14,0.54325,
15,0.55077,
16,0.55266,
17,0.55038,
18,0.55479,
19,0.55033,
20,0.56041,
21,0.55763,
22,0.55844,
23,0.55646,
24,0.56288,
25,0.57045,
26,0.56828,
27,0.5728,
28,0.5682,
29,0.57011,
30,0.56575,
31,0.55972,
32,0.56019,
33,0.55791,
34,0.55678,
35,0.55472,
36,0.55409,
37,0.55037,
38,0.54913,
