epoch,Skin-Lesion,
1,0.43,
2,0.49709,
3,0.50992,
4,0.52631,
5,0.53154,
6,0.53552,
7,0.53236,
8,0.53964,
9,0.52539,
10,0.53822,
11,0.53714,
12,0.54381,
13,0.54375,
14,0.53153,
15,0.53997,
16,0.54131,
17,0.53924,
18,0.54448,
19,0.5424,
20,0.55114,
21,0.5481,
22,0.5492,
23,0.54723,
24,0.55219,
25,0.56074,
26,0.55888,
27,0.56202,
28,0.55825,
29,0.5587,
30,0.55493,
31,0.55074,
32,0.54977,
33,0.54864,
34,0.54786,
35,0.54574,
36,0.54498,
37,0.54059,
38,0.54053,
